{"cameraMode":{"drawMode":0,"name":"Shaded","section":"Shading Mode"},"sceneLighting":false,"audioPlay":false,"sceneViewState":{"showFog":true,"showMaterialUpdate":false,"showSkybox":true,"showFlares":true,"showImageEffects":true,"showParticleSystems":true},"in2DMode":false,"pivot":{"x":-0.000050008296966552734,"y":0.3792000114917755,"z":0.000050008296966552734},"rotation":{"x":-0.0003695719933602959,"y":0.9986736178398132,"z":-0.05097692832350731,"w":-0.007232035975903273},"size":2.435497283935547,"orthographic":false}