{"cameraMode":{"drawMode":0,"name":"Shaded","section":"Shading Mode"},"sceneLighting":true,"audioPlay":false,"sceneViewState":{"showFog":true,"showMaterialUpdate":false,"showSkybox":true,"showFlares":true,"showImageEffects":true,"showParticleSystems":true},"in2DMode":false,"pivot":{"x":45.17265701293945,"y":0.7933541536331177,"z":4.396750450134277},"rotation":{"x":0.0009883677121251822,"y":0.999005913734436,"z":-0.03297872468829155,"w":0.02997940219938755},"size":2.7973694801330568,"orthographic":false}